Year,Local authority code,Local authority,Measure,Unit,Observation
2020,E06000001,Hartlepool,Standard Area,Hectares,9371.25
2020,E06000002,Middlesbrough,Standard Area,Hectares,5388.16
2020,E06000003,Redcar and Cleveland,Standard Area,Hectares,24506.98
2020,E06000004,Stockton-on-Tees,Standard Area,Hectares,20493.31
2020,E06000005,Darlington,Standard Area,Hectares,19747.58
2020,E06000006,Halton,Standard Area,Hectares,7908.39
2020,E06000007,Warrington,Standard Area,Hectares,18062.79
2020,E06000008,Blackburn with Darwen,Standard Area,Hectares,13702.21
2020,E06000009,Blackpool,Standard Area,Hectares,3487.09
2020,E06000010,"Kingston upon Hull, City of",Standard Area,Hectares,7158.37
2020,E06000011,East Riding of Yorkshire,Standard Area,Hectares,240360.43
2020,E06000012,North East Lincolnshire,Standard Area,Hectares,19262.29
2020,E06000013,North Lincolnshire,Standard Area,Hectares,84652.66
2020,E06000014,York,Standard Area,Hectares,27193.7
2020,E06000015,Derby,Standard Area,Hectares,7803.11
2020,E06000016,Leicester,Standard Area,Hectares,7334.21
2020,E06000017,Rutland,Standard Area,Hectares,38183.13
2020,E06000018,Nottingham,Standard Area,Hectares,7461.32
2020,E06000019,"Herefordshire, County of",Standard Area,Hectares,217970.94
2020,E06000020,Telford and Wrekin,Standard Area,Hectares,29031.37
2020,E06000021,Stoke-on-Trent,Standard Area,Hectares,9344.85
2020,E06000022,Bath and North East Somerset,Standard Area,Hectares,34587.86
2020,E06000023,"Bristol, City of",Standard Area,Hectares,10966.65
2020,E06000024,North Somerset,Standard Area,Hectares,37374.94
2020,E06000025,South Gloucestershire,Standard Area,Hectares,49705.08
2020,E06000026,Plymouth,Standard Area,Hectares,7984.97
2020,E06000027,Torbay,Standard Area,Hectares,6288.67
2020,E06000030,Swindon,Standard Area,Hectares,23009.33
2020,E06000031,Peterborough,Standard Area,Hectares,34337.82
2020,E06000032,Luton,Standard Area,Hectares,4335.25
2020,E06000033,Southend-on-Sea,Standard Area,Hectares,4167.42
2020,E06000034,Thurrock,Standard Area,Hectares,16383.71
2020,E06000035,Medway,Standard Area,Hectares,19371.42
2020,E06000036,Bracknell Forest,Standard Area,Hectares,10938.43
2020,E06000037,West Berkshire,Standard Area,Hectares,70416.94
2020,E06000038,Reading,Standard Area,Hectares,4039.79
2020,E06000039,Slough,Standard Area,Hectares,3254.19
2020,E06000040,Windsor and Maidenhead,Standard Area,Hectares,19650.17
2020,E06000041,Wokingham,Standard Area,Hectares,17896.55
2020,E06000042,Milton Keynes,Standard Area,Hectares,30862.67
2020,E06000043,Brighton and Hove,Standard Area,Hectares,8283.31
2020,E06000044,Portsmouth,Standard Area,Hectares,4039.44
2020,E06000045,Southampton,Standard Area,Hectares,4988.08
2020,E06000046,Isle of Wight,Standard Area,Hectares,37962.0
2020,E06000047,County Durham,Standard Area,Hectares,222588.59
2020,E06000049,Cheshire East,Standard Area,Hectares,116635.77
2020,E06000050,Cheshire West and Chester,Standard Area,Hectares,92001.77
2020,E06000051,Shropshire,Standard Area,Hectares,319727.58
2020,E06000052,Cornwall,Standard Area,Hectares,354542.8
2020,E06000053,Isles of Scilly,Standard Area,Hectares,1631.77
2020,E06000054,Wiltshire,Standard Area,Hectares,325533.8
2020,E06000055,Bedford,Standard Area,Hectares,47640.82
2020,E06000056,Central Bedfordshire,Standard Area,Hectares,71566.57
2020,E06000057,Northumberland,Standard Area,Hectares,501982.89
2020,E06000058,"Bournemouth, Christchurch and Poole",Standard Area,Hectares,16207.01
2020,E06000059,Dorset,Standard Area,Hectares,249095.69
2020,E06000060,Buckinghamshire,Standard Area,Hectares,156494.91
2020,E07000008,Cambridge,Standard Area,Hectares,4069.87
2020,E07000009,East Cambridgeshire,Standard Area,Hectares,65128.6
2020,E07000010,Fenland,Standard Area,Hectares,54645.02
2020,E07000011,Huntingdonshire,Standard Area,Hectares,90617.6
2020,E07000012,South Cambridgeshire,Standard Area,Hectares,90162.5
2020,E07000026,Allerdale,Standard Area,Hectares,124214.56
2020,E07000027,Barrow-in-Furness,Standard Area,Hectares,7789.71
2020,E07000028,Carlisle,Standard Area,Hectares,103830.0
2020,E07000029,Copeland,Standard Area,Hectares,73175.97
2020,E07000030,Eden,Standard Area,Hectares,214237.11
2020,E07000031,South Lakeland,Standard Area,Hectares,153546.28
2020,E07000032,Amber Valley,Standard Area,Hectares,26543.79
2020,E07000033,Bolsover,Standard Area,Hectares,16033.47
2020,E07000034,Chesterfield,Standard Area,Hectares,6603.52
2020,E07000035,Derbyshire Dales,Standard Area,Hectares,79242.41
2020,E07000036,Erewash,Standard Area,Hectares,10963.01
2020,E07000037,High Peak,Standard Area,Hectares,53914.33
2020,E07000038,North East Derbyshire,Standard Area,Hectares,27562.34
2020,E07000039,South Derbyshire,Standard Area,Hectares,33812.69
2020,E07000040,East Devon,Standard Area,Hectares,81424.47
2020,E07000041,Exeter,Standard Area,Hectares,4703.31
2020,E07000042,Mid Devon,Standard Area,Hectares,91289.78
2020,E07000043,North Devon,Standard Area,Hectares,108588.58
2020,E07000044,South Hams,Standard Area,Hectares,88654.39
2020,E07000045,Teignbridge,Standard Area,Hectares,67377.08
2020,E07000046,Torridge,Standard Area,Hectares,98382.89
2020,E07000047,West Devon,Standard Area,Hectares,115967.34
2020,E07000061,Eastbourne,Standard Area,Hectares,4416.15
2020,E07000062,Hastings,Standard Area,Hectares,2979.61
2020,E07000063,Lewes,Standard Area,Hectares,29210.7
2020,E07000064,Rother,Standard Area,Hectares,50944.13
2020,E07000065,Wealden,Standard Area,Hectares,83312.55
2020,E07000066,Basildon,Standard Area,Hectares,11000.1
2020,E07000067,Braintree,Standard Area,Hectares,61170.79
2020,E07000068,Brentwood,Standard Area,Hectares,15312.41
2020,E07000069,Castle Point,Standard Area,Hectares,4467.35
2020,E07000070,Chelmsford,Standard Area,Hectares,33875.82
2020,E07000071,Colchester,Standard Area,Hectares,32822.39
2020,E07000072,Epping Forest,Standard Area,Hectares,33898.42
2020,E07000073,Harlow,Standard Area,Hectares,3053.79
2020,E07000074,Maldon,Standard Area,Hectares,35781.57
2020,E07000075,Rochford,Standard Area,Hectares,16709.27
2020,E07000076,Tendring,Standard Area,Hectares,33632.43
2020,E07000077,Uttlesford,Standard Area,Hectares,64118.29
2020,E07000078,Cheltenham,Standard Area,Hectares,4659.61
2020,E07000079,Cotswold,Standard Area,Hectares,116452.42
2020,E07000080,Forest of Dean,Standard Area,Hectares,52590.21
2020,E07000081,Gloucester,Standard Area,Hectares,4055.3
2020,E07000082,Stroud,Standard Area,Hectares,46054.2
2020,E07000083,Tewkesbury,Standard Area,Hectares,41441.44
2020,E07000084,Basingstoke and Deane,Standard Area,Hectares,63381.73
2020,E07000085,East Hampshire,Standard Area,Hectares,51443.22
2020,E07000086,Eastleigh,Standard Area,Hectares,7967.88
2020,E07000087,Fareham,Standard Area,Hectares,7425.68
2020,E07000088,Gosport,Standard Area,Hectares,2537.36
2020,E07000089,Hart,Standard Area,Hectares,21526.5
2020,E07000090,Havant,Standard Area,Hectares,5573.98
2020,E07000091,New Forest,Standard Area,Hectares,75217.54
2020,E07000092,Rushmoor,Standard Area,Hectares,3904.5
2020,E07000093,Test Valley,Standard Area,Hectares,62759.53
2020,E07000094,Winchester,Standard Area,Hectares,66097.03
2020,E07000095,Broxbourne,Standard Area,Hectares,5144.22
2020,E07000096,Dacorum,Standard Area,Hectares,21247.66
2020,E07000098,Hertsmere,Standard Area,Hectares,10112.82
2020,E07000099,North Hertfordshire,Standard Area,Hectares,37538.21
2020,E07000102,Three Rivers,Standard Area,Hectares,8882.42
2020,E07000103,Watford,Standard Area,Hectares,2143.05
2020,E07000105,Ashford,Standard Area,Hectares,58061.72
2020,E07000106,Canterbury,Standard Area,Hectares,30875.26
2020,E07000107,Dartford,Standard Area,Hectares,7272.55
2020,E07000108,Dover,Standard Area,Hectares,31533.79
2020,E07000109,Gravesham,Standard Area,Hectares,9899.13
2020,E07000110,Maidstone,Standard Area,Hectares,39332.94
2020,E07000111,Sevenoaks,Standard Area,Hectares,36923.07
2020,E07000112,Folkestone and Hythe,Standard Area,Hectares,35692.1
2020,E07000113,Swale,Standard Area,Hectares,37343.68
2020,E07000114,Thanet,Standard Area,Hectares,10360.91
2020,E07000115,Tonbridge and Malling,Standard Area,Hectares,24011.42
2020,E07000116,Tunbridge Wells,Standard Area,Hectares,33132.87
2020,E07000117,Burnley,Standard Area,Hectares,11068.4
2020,E07000118,Chorley,Standard Area,Hectares,20276.23
2020,E07000119,Fylde,Standard Area,Hectares,16569.69
2020,E07000120,Hyndburn,Standard Area,Hectares,7299.75
2020,E07000121,Lancaster,Standard Area,Hectares,56693.59
2020,E07000122,Pendle,Standard Area,Hectares,16938.01
2020,E07000123,Preston,Standard Area,Hectares,14228.41
2020,E07000124,Ribble Valley,Standard Area,Hectares,58318.56
2020,E07000125,Rossendale,Standard Area,Hectares,13804.12
2020,E07000126,South Ribble,Standard Area,Hectares,11314.17
2020,E07000127,West Lancashire,Standard Area,Hectares,34663.31
2020,E07000128,Wyre,Standard Area,Hectares,28216.49
2020,E07000129,Blaby,Standard Area,Hectares,13046.86
2020,E07000130,Charnwood,Standard Area,Hectares,27904.26
2020,E07000131,Harborough,Standard Area,Hectares,59179.66
2020,E07000132,Hinckley and Bosworth,Standard Area,Hectares,29735.14
2020,E07000133,Melton,Standard Area,Hectares,48138.06
2020,E07000134,North West Leicestershire,Standard Area,Hectares,27932.8
2020,E07000135,Oadby and Wigston,Standard Area,Hectares,2352.61
2020,E07000136,Boston,Standard Area,Hectares,36400.87
2020,E07000137,East Lindsey,Standard Area,Hectares,176677.32
2020,E07000138,Lincoln,Standard Area,Hectares,3569.02
2020,E07000139,North Kesteven,Standard Area,Hectares,92247.13
2020,E07000140,South Holland,Standard Area,Hectares,75007.61
2020,E07000141,South Kesteven,Standard Area,Hectares,94258.6
2020,E07000142,West Lindsey,Standard Area,Hectares,115573.21
2020,E07000143,Breckland,Standard Area,Hectares,130511.68
2020,E07000144,Broadland,Standard Area,Hectares,55206.1
2020,E07000145,Great Yarmouth,Standard Area,Hectares,17431.42
2020,E07000146,King's Lynn and West Norfolk,Standard Area,Hectares,143952.25
2020,E07000147,North Norfolk,Standard Area,Hectares,96596.7
2020,E07000148,Norwich,Standard Area,Hectares,3902.2
2020,E07000149,South Norfolk,Standard Area,Hectares,90757.66
2020,E07000150,Corby,Standard Area,Hectares,8028.1
2020,E07000151,Daventry,Standard Area,Hectares,66261.57
2020,E07000152,East Northamptonshire,Standard Area,Hectares,50978.71
2020,E07000153,Kettering,Standard Area,Hectares,23349.0
2020,E07000154,Northampton,Standard Area,Hectares,8077.18
2020,E07000155,South Northamptonshire,Standard Area,Hectares,63402.32
2020,E07000156,Wellingborough,Standard Area,Hectares,16303.64
2020,E07000163,Craven,Standard Area,Hectares,117738.81
2020,E07000164,Hambleton,Standard Area,Hectares,131122.82
2020,E07000165,Harrogate,Standard Area,Hectares,130794.74
2020,E07000166,Richmondshire,Standard Area,Hectares,131870.74
2020,E07000167,Ryedale,Standard Area,Hectares,150659.37
2020,E07000168,Scarborough,Standard Area,Hectares,81618.83
2020,E07000169,Selby,Standard Area,Hectares,59931.08
2020,E07000170,Ashfield,Standard Area,Hectares,10955.81
2020,E07000171,Bassetlaw,Standard Area,Hectares,63780.33
2020,E07000172,Broxtowe,Standard Area,Hectares,8009.89
2020,E07000173,Gedling,Standard Area,Hectares,11998.17
2020,E07000174,Mansfield,Standard Area,Hectares,7669.71
2020,E07000175,Newark and Sherwood,Standard Area,Hectares,65134.06
2020,E07000176,Rushcliffe,Standard Area,Hectares,40923.17
2020,E07000177,Cherwell,Standard Area,Hectares,58874.12
2020,E07000178,Oxford,Standard Area,Hectares,4560.27
2020,E07000179,South Oxfordshire,Standard Area,Hectares,67852.13
2020,E07000180,Vale of White Horse,Standard Area,Hectares,57764.44
2020,E07000181,West Oxfordshire,Standard Area,Hectares,71442.2
2020,E07000187,Mendip,Standard Area,Hectares,73943.56
2020,E07000188,Sedgemoor,Standard Area,Hectares,56422.38
2020,E07000189,South Somerset,Standard Area,Hectares,95904.01
2020,E07000192,Cannock Chase,Standard Area,Hectares,7888.25
2020,E07000193,East Staffordshire,Standard Area,Hectares,38695.95
2020,E07000194,Lichfield,Standard Area,Hectares,33129.44
2020,E07000195,Newcastle-under-Lyme,Standard Area,Hectares,21095.74
2020,E07000196,South Staffordshire,Standard Area,Hectares,40732.23
2020,E07000197,Stafford,Standard Area,Hectares,59817.21
2020,E07000198,Staffordshire Moorlands,Standard Area,Hectares,57584.98
2020,E07000199,Tamworth,Standard Area,Hectares,3085.07
2020,E07000200,Babergh,Standard Area,Hectares,59372.39
2020,E07000202,Ipswich,Standard Area,Hectares,3950.98
2020,E07000203,Mid Suffolk,Standard Area,Hectares,87107.06
2020,E07000207,Elmbridge,Standard Area,Hectares,9505.23
2020,E07000208,Epsom and Ewell,Standard Area,Hectares,3407.94
2020,E07000209,Guildford,Standard Area,Hectares,27093.11
2020,E07000210,Mole Valley,Standard Area,Hectares,25832.11
2020,E07000211,Reigate and Banstead,Standard Area,Hectares,12914.39
2020,E07000212,Runnymede,Standard Area,Hectares,7804.07
2020,E07000213,Spelthorne,Standard Area,Hectares,4488.79
2020,E07000214,Surrey Heath,Standard Area,Hectares,9509.3
2020,E07000215,Tandridge,Standard Area,Hectares,24819.47
2020,E07000216,Waverley,Standard Area,Hectares,34517.03
2020,E07000217,Woking,Standard Area,Hectares,6360.34
2020,E07000218,North Warwickshire,Standard Area,Hectares,28426.13
2020,E07000219,Nuneaton and Bedworth,Standard Area,Hectares,7895.04
2020,E07000220,Rugby,Standard Area,Hectares,35111.33
2020,E07000221,Stratford-on-Avon,Standard Area,Hectares,97786.94
2020,E07000222,Warwick,Standard Area,Hectares,28288.22
2020,E07000223,Adur,Standard Area,Hectares,4206.55
2020,E07000224,Arun,Standard Area,Hectares,22099.12
2020,E07000225,Chichester,Standard Area,Hectares,78619.48
2020,E07000226,Crawley,Standard Area,Hectares,4497.11
2020,E07000227,Horsham,Standard Area,Hectares,53027.87
2020,E07000228,Mid Sussex,Standard Area,Hectares,33402.94
2020,E07000229,Worthing,Standard Area,Hectares,3252.09
2020,E07000234,Bromsgrove,Standard Area,Hectares,21696.84
2020,E07000235,Malvern Hills,Standard Area,Hectares,57707.1
2020,E07000236,Redditch,Standard Area,Hectares,5425.09
2020,E07000237,Worcester,Standard Area,Hectares,3327.82
2020,E07000238,Wychavon,Standard Area,Hectares,66354.18
2020,E07000239,Wyre Forest,Standard Area,Hectares,19540.38
2020,E07000240,St Albans,Standard Area,Hectares,16120.58
2020,E07000241,Welwyn Hatfield,Standard Area,Hectares,12953.68
2020,E07000242,East Hertfordshire,Standard Area,Hectares,47566.95
2020,E07000243,Stevenage,Standard Area,Hectares,2596.92
2020,E07000244,East Suffolk,Standard Area,Hectares,126098.97
2020,E07000245,West Suffolk,Standard Area,Hectares,103467.56
2020,E07000246,Somerset West and Taunton,Standard Area,Hectares,118759.48
2020,E08000001,Bolton,Standard Area,Hectares,13979.23
2020,E08000002,Bury,Standard Area,Hectares,9946.01
2020,E08000003,Manchester,Standard Area,Hectares,11564.85
2020,E08000004,Oldham,Standard Area,Hectares,14234.5
2020,E08000005,Rochdale,Standard Area,Hectares,15812.83
2020,E08000006,Salford,Standard Area,Hectares,9719.74
2020,E08000007,Stockport,Standard Area,Hectares,12604.02
2020,E08000008,Tameside,Standard Area,Hectares,10315.43
2020,E08000009,Trafford,Standard Area,Hectares,10604.46
2020,E08000010,Wigan,Standard Area,Hectares,18817.11
2020,E08000011,Knowsley,Standard Area,Hectares,8650.02
2020,E08000012,Liverpool,Standard Area,Hectares,11183.57
2020,E08000013,St. Helens,Standard Area,Hectares,13635.87
2020,E08000014,Sefton,Standard Area,Hectares,15657.82
2020,E08000015,Wirral,Standard Area,Hectares,16092.2
2020,E08000016,Barnsley,Standard Area,Hectares,32907.76
2020,E08000017,Doncaster,Standard Area,Hectares,56802.22
2020,E08000018,Rotherham,Standard Area,Hectares,28653.43
2020,E08000019,Sheffield,Standard Area,Hectares,36793.02
2020,E08000021,Newcastle upon Tyne,Standard Area,Hectares,11345.62
2020,E08000022,North Tyneside,Standard Area,Hectares,8231.39
2020,E08000023,South Tyneside,Standard Area,Hectares,6442.05
2020,E08000024,Sunderland,Standard Area,Hectares,13743.65
2020,E08000025,Birmingham,Standard Area,Hectares,26779.12
2020,E08000026,Coventry,Standard Area,Hectares,9863.9
2020,E08000027,Dudley,Standard Area,Hectares,9795.84
2020,E08000028,Sandwell,Standard Area,Hectares,8555.89
2020,E08000029,Solihull,Standard Area,Hectares,17828.21
2020,E08000030,Walsall,Standard Area,Hectares,10397.34
2020,E08000031,Wolverhampton,Standard Area,Hectares,6943.65
2020,E08000032,Bradford,Standard Area,Hectares,36641.98
2020,E08000033,Calderdale,Standard Area,Hectares,36396.08
2020,E08000034,Kirklees,Standard Area,Hectares,40855.16
2020,E08000035,Leeds,Standard Area,Hectares,55170.67
2020,E08000036,Wakefield,Standard Area,Hectares,33861.98
2020,E08000037,Gateshead,Standard Area,Hectares,14235.93
2020,E09000001,City of London,Standard Area,Hectares,288.98
2020,E09000002,Barking and Dagenham,Standard Area,Hectares,3610.11
2020,E09000003,Barnet,Standard Area,Hectares,8676.67
2020,E09000004,Bexley,Standard Area,Hectares,6057.86
2020,E09000005,Brent,Standard Area,Hectares,4323.64
2020,E09000006,Bromley,Standard Area,Hectares,15013.26
2020,E09000007,Camden,Standard Area,Hectares,2177.85
2020,E09000008,Croydon,Standard Area,Hectares,8648.87
2020,E09000009,Ealing,Standard Area,Hectares,5554.24
2020,E09000010,Enfield,Standard Area,Hectares,8082.11
2020,E09000011,Greenwich,Standard Area,Hectares,4731.11
2020,E09000012,Hackney,Standard Area,Hectares,1904.4
2020,E09000013,Hammersmith and Fulham,Standard Area,Hectares,1640.34
2020,E09000014,Haringey,Standard Area,Hectares,2960.6
2020,E09000015,Harrow,Standard Area,Hectares,5046.44
2020,E09000016,Havering,Standard Area,Hectares,11234.36
2020,E09000017,Hillingdon,Standard Area,Hectares,11570.42
2020,E09000018,Hounslow,Standard Area,Hectares,5596.28
2020,E09000019,Islington,Standard Area,Hectares,1485.79
2020,E09000020,Kensington and Chelsea,Standard Area,Hectares,1212.37
2020,E09000021,Kingston upon Thames,Standard Area,Hectares,3725.93
2020,E09000022,Lambeth,Standard Area,Hectares,2680.71
2020,E09000023,Lewisham,Standard Area,Hectares,3514.61
2020,E09000024,Merton,Standard Area,Hectares,3762.41
2020,E09000025,Newham,Standard Area,Hectares,3619.6
2020,E09000026,Redbridge,Standard Area,Hectares,5639.74
2020,E09000027,Richmond upon Thames,Standard Area,Hectares,5739.26
2020,E09000028,Southwark,Standard Area,Hectares,2887.77
2020,E09000029,Sutton,Standard Area,Hectares,4384.79
2020,E09000030,Tower Hamlets,Standard Area,Hectares,1977.1
2020,E09000031,Waltham Forest,Standard Area,Hectares,3881.02
2020,E09000032,Wandsworth,Standard Area,Hectares,3426.19
2020,E09000033,Westminster,Standard Area,Hectares,2148.26
2020,N09000001,Antrim and Newtownabbey,Standard Area,Hectares,57116.3
2020,N09000002,"Armagh City, Banbridge and Craigavon",Standard Area,Hectares,133810.86
2020,N09000003,Belfast,Standard Area,Hectares,13771.69
2020,N09000004,Causeway Coast and Glens,Standard Area,Hectares,198553.46
2020,N09000005,Derry City and Strabane,Standard Area,Hectares,125124.15
2020,N09000006,Fermanagh and Omagh,Standard Area,Hectares,286403.19
2020,N09000007,Lisburn and Castlereagh,Standard Area,Hectares,50578.54
2020,N09000008,Mid and East Antrim,Standard Area,Hectares,105921.35
2020,N09000009,Mid Ulster,Standard Area,Hectares,183134.12
2020,N09000010,"Newry, Mourne and Down",Standard Area,Hectares,168234.08
2020,N09000011,Ards and North Down,Standard Area,Hectares,56647.32
2020,S12000005,Clackmannanshire,Standard Area,Hectares,15918.51
2020,S12000006,Dumfries and Galloway,Standard Area,Hectares,642583.21
2020,S12000008,East Ayrshire,Standard Area,Hectares,126212.79
2020,S12000010,East Lothian,Standard Area,Hectares,67924.08
2020,S12000011,East Renfrewshire,Standard Area,Hectares,17424.95
2020,S12000013,Na h-Eileanan Siar,Standard Area,Hectares,305580.19
2020,S12000014,Falkirk,Standard Area,Hectares,29712.75
2020,S12000017,Highland,Standard Area,Hectares,2565317.35
2020,S12000018,Inverclyde,Standard Area,Hectares,16043.87
2020,S12000019,Midlothian,Standard Area,Hectares,35368.18
2020,S12000020,Moray,Standard Area,Hectares,223755.42
2020,S12000021,North Ayrshire,Standard Area,Hectares,88528.5
2020,S12000023,Orkney Islands,Standard Area,Hectares,99052.14
2020,S12000026,Scottish Borders,Standard Area,Hectares,473178.03
2020,S12000027,Shetland Islands,Standard Area,Hectares,146747.83
2020,S12000028,South Ayrshire,Standard Area,Hectares,122222.8
2020,S12000029,South Lanarkshire,Standard Area,Hectares,177189.3
2020,S12000030,Stirling,Standard Area,Hectares,218615.74
2020,S12000033,Aberdeen City,Standard Area,Hectares,18561.04
2020,S12000034,Aberdeenshire,Standard Area,Hectares,631261.48
2020,S12000035,Argyll and Bute,Standard Area,Hectares,690693.98
2020,S12000036,City of Edinburgh,Standard Area,Hectares,26339.06
2020,S12000038,Renfrewshire,Standard Area,Hectares,26148.77
2020,S12000039,West Dunbartonshire,Standard Area,Hectares,15876.57
2020,S12000040,West Lothian,Standard Area,Hectares,42774.27
2020,S12000041,Angus,Standard Area,Hectares,218145.21
2020,S12000042,Dundee City,Standard Area,Hectares,5980.06
2020,S12000045,East Dunbartonshire,Standard Area,Hectares,17448.9
2020,S12000047,Fife,Standard Area,Hectares,132519.01
2020,S12000048,Perth and Kinross,Standard Area,Hectares,528560.47
2020,S12000049,Glasgow City,Standard Area,Hectares,17462.13
2020,S12000050,North Lanarkshire,Standard Area,Hectares,47000.22
2020,W06000001,Isle of Anglesey,Standard Area,Hectares,71206.51
2020,W06000002,Gwynedd,Standard Area,Hectares,253514.34
2020,W06000003,Conwy,Standard Area,Hectares,112582.26
2020,W06000004,Denbighshire,Standard Area,Hectares,83691.72
2020,W06000005,Flintshire,Standard Area,Hectares,43983.04
2020,W06000006,Wrexham,Standard Area,Hectares,50377.39
2020,W06000008,Ceredigion,Standard Area,Hectares,178498.11
2020,W06000009,Pembrokeshire,Standard Area,Hectares,161834.49
2020,W06000010,Carmarthenshire,Standard Area,Hectares,237027.63
2020,W06000011,Swansea,Standard Area,Hectares,37761.45
2020,W06000012,Neath Port Talbot,Standard Area,Hectares,44124.47
2020,W06000013,Bridgend,Standard Area,Hectares,25078.52
2020,W06000014,Vale of Glamorgan,Standard Area,Hectares,33114.86
2020,W06000015,Cardiff,Standard Area,Hectares,14091.44
2020,W06000016,Rhondda Cynon Taf,Standard Area,Hectares,42415.02
2020,W06000018,Caerphilly,Standard Area,Hectares,27738.79
2020,W06000019,Blaenau Gwent,Standard Area,Hectares,10872.79
2020,W06000020,Torfaen,Standard Area,Hectares,12569.87
2020,W06000021,Monmouthshire,Standard Area,Hectares,84914.29
2020,W06000022,Newport,Standard Area,Hectares,19043.11
2020,W06000023,Powys,Standard Area,Hectares,518067.05
2020,W06000024,Merthyr Tydfil,Standard Area,Hectares,11144.63
2020,E06000001,Hartlepool,Woodland Area,Hectares,437.45
2020,E06000002,Middlesbrough,Woodland Area,Hectares,291.86
2020,E06000003,Redcar and Cleveland,Woodland Area,Hectares,2987.87
2020,E06000004,Stockton-on-Tees,Woodland Area,Hectares,1309.29
2020,E06000005,Darlington,Woodland Area,Hectares,799.74
2020,E06000006,Halton,Woodland Area,Hectares,546.35
2020,E06000007,Warrington,Woodland Area,Hectares,1427.33
2020,E06000008,Blackburn with Darwen,Woodland Area,Hectares,1337.1
2020,E06000009,Blackpool,Woodland Area,Hectares,59.38
2020,E06000010,"Kingston upon Hull, City of",Woodland Area,Hectares,127.34
2020,E06000011,East Riding of Yorkshire,Woodland Area,Hectares,9445.9
2020,E06000012,North East Lincolnshire,Woodland Area,Hectares,684.81
2020,E06000013,North Lincolnshire,Woodland Area,Hectares,4352.02
2020,E06000014,York,Woodland Area,Hectares,1330.96
2020,E06000015,Derby,Woodland Area,Hectares,277.94
2020,E06000016,Leicester,Woodland Area,Hectares,247.0
2020,E06000017,Rutland,Woodland Area,Hectares,2534.33
2020,E06000018,Nottingham,Woodland Area,Hectares,408.64
2020,E06000019,"Herefordshire, County of",Woodland Area,Hectares,25479.6
2020,E06000020,Telford and Wrekin,Woodland Area,Hectares,2686.87
2020,E06000021,Stoke-on-Trent,Woodland Area,Hectares,520.94
2020,E06000022,Bath and North East Somerset,Woodland Area,Hectares,2888.54
2020,E06000023,"Bristol, City of",Woodland Area,Hectares,671.73
2020,E06000024,North Somerset,Woodland Area,Hectares,4024.52
2020,E06000025,South Gloucestershire,Woodland Area,Hectares,3035.73
2020,E06000026,Plymouth,Woodland Area,Hectares,854.27
2020,E06000027,Torbay,Woodland Area,Hectares,574.08
2020,E06000030,Swindon,Woodland Area,Hectares,1503.57
2020,E06000031,Peterborough,Woodland Area,Hectares,1909.98
2020,E06000032,Luton,Woodland Area,Hectares,127.84
2020,E06000033,Southend-on-Sea,Woodland Area,Hectares,103.5
2020,E06000034,Thurrock,Woodland Area,Hectares,803.64
2020,E06000035,Medway,Woodland Area,Hectares,1486.95
2020,E06000036,Bracknell Forest,Woodland Area,Hectares,3632.88
2020,E06000037,West Berkshire,Woodland Area,Hectares,11593.74
2020,E06000038,Reading,Woodland Area,Hectares,202.86
2020,E06000039,Slough,Woodland Area,Hectares,125.75
2020,E06000040,Windsor and Maidenhead,Woodland Area,Hectares,3095.72
2020,E06000041,Wokingham,Woodland Area,Hectares,2546.29
2020,E06000042,Milton Keynes,Woodland Area,Hectares,2327.75
2020,E06000043,Brighton and Hove,Woodland Area,Hectares,484.56
2020,E06000044,Portsmouth,Woodland Area,Hectares,79.43
2020,E06000045,Southampton,Woodland Area,Hectares,373.85
2020,E06000046,Isle of Wight,Woodland Area,Hectares,5187.65
2020,E06000047,County Durham,Woodland Area,Hectares,19161.71
2020,E06000049,Cheshire East,Woodland Area,Hectares,7565.0
2020,E06000050,Cheshire West and Chester,Woodland Area,Hectares,5733.85
2020,E06000051,Shropshire,Woodland Area,Hectares,29946.03
2020,E06000052,Cornwall,Woodland Area,Hectares,33439.92
2020,E06000053,Isles of Scilly,Woodland Area,Hectares,54.08
2020,E06000054,Wiltshire,Woodland Area,Hectares,33514.68
2020,E06000055,Bedford,Woodland Area,Hectares,3039.02
2020,E06000056,Central Bedfordshire,Woodland Area,Hectares,6973.1
2020,E06000057,Northumberland,Woodland Area,Hectares,88720.44
2020,E06000058,"Bournemouth, Christchurch and Poole",Woodland Area,Hectares,1868.57
2020,E06000059,Dorset,Woodland Area,Hectares,30309.88
2020,E06000060,Buckinghamshire,Woodland Area,Hectares,19487.64
2020,E07000008,Cambridge,Woodland Area,Hectares,183.15
2020,E07000009,East Cambridgeshire,Woodland Area,Hectares,1880.92
2020,E07000010,Fenland,Woodland Area,Hectares,290.68
2020,E07000011,Huntingdonshire,Woodland Area,Hectares,3855.66
2020,E07000012,South Cambridgeshire,Woodland Area,Hectares,4027.15
2020,E07000026,Allerdale,Woodland Area,Hectares,8561.51
2020,E07000027,Barrow-in-Furness,Woodland Area,Hectares,250.73
2020,E07000028,Carlisle,Woodland Area,Hectares,19477.84
2020,E07000029,Copeland,Woodland Area,Hectares,7674.7
2020,E07000030,Eden,Woodland Area,Hectares,13267.65
2020,E07000031,South Lakeland,Woodland Area,Hectares,20833.11
2020,E07000032,Amber Valley,Woodland Area,Hectares,2367.98
2020,E07000033,Bolsover,Woodland Area,Hectares,1662.86
2020,E07000034,Chesterfield,Woodland Area,Hectares,538.91
2020,E07000035,Derbyshire Dales,Woodland Area,Hectares,7537.38
2020,E07000036,Erewash,Woodland Area,Hectares,607.99
2020,E07000037,High Peak,Woodland Area,Hectares,4456.74
2020,E07000038,North East Derbyshire,Woodland Area,Hectares,3010.55
2020,E07000039,South Derbyshire,Woodland Area,Hectares,3172.61
2020,E07000040,East Devon,Woodland Area,Hectares,9457.21
2020,E07000041,Exeter,Woodland Area,Hectares,384.12
2020,E07000042,Mid Devon,Woodland Area,Hectares,9314.6
2020,E07000043,North Devon,Woodland Area,Hectares,11355.18
2020,E07000044,South Hams,Woodland Area,Hectares,8471.06
2020,E07000045,Teignbridge,Woodland Area,Hectares,13224.28
2020,E07000046,Torridge,Woodland Area,Hectares,13708.57
2020,E07000047,West Devon,Woodland Area,Hectares,12576.11
2020,E07000061,Eastbourne,Woodland Area,Hectares,234.67
2020,E07000062,Hastings,Woodland Area,Hectares,383.36
2020,E07000063,Lewes,Woodland Area,Hectares,2896.22
2020,E07000064,Rother,Woodland Area,Hectares,10961.02
2020,E07000065,Wealden,Woodland Area,Hectares,18996.73
2020,E07000066,Basildon,Woodland Area,Hectares,877.54
2020,E07000067,Braintree,Woodland Area,Hectares,4132.34
2020,E07000068,Brentwood,Woodland Area,Hectares,1690.71
2020,E07000069,Castle Point,Woodland Area,Hectares,492.96
2020,E07000070,Chelmsford,Woodland Area,Hectares,2426.56
2020,E07000071,Colchester,Woodland Area,Hectares,2703.89
2020,E07000072,Epping Forest,Woodland Area,Hectares,3630.6
2020,E07000073,Harlow,Woodland Area,Hectares,262.2
2020,E07000074,Maldon,Woodland Area,Hectares,1409.94
2020,E07000075,Rochford,Woodland Area,Hectares,620.05
2020,E07000076,Tendring,Woodland Area,Hectares,1475.7
2020,E07000077,Uttlesford,Woodland Area,Hectares,3879.25
2020,E07000078,Cheltenham,Woodland Area,Hectares,247.85
2020,E07000079,Cotswold,Woodland Area,Hectares,13280.53
2020,E07000080,Forest of Dean,Woodland Area,Hectares,13648.63
2020,E07000081,Gloucester,Woodland Area,Hectares,169.61
2020,E07000082,Stroud,Woodland Area,Hectares,5473.49
2020,E07000083,Tewkesbury,Woodland Area,Hectares,3190.64
2020,E07000084,Basingstoke and Deane,Woodland Area,Hectares,10626.94
2020,E07000085,East Hampshire,Woodland Area,Hectares,11198.54
2020,E07000086,Eastleigh,Woodland Area,Hectares,961.59
2020,E07000087,Fareham,Woodland Area,Hectares,650.12
2020,E07000088,Gosport,Woodland Area,Hectares,165.6
2020,E07000089,Hart,Woodland Area,Hectares,5948.34
2020,E07000090,Havant,Woodland Area,Hectares,472.28
2020,E07000091,New Forest,Woodland Area,Hectares,22475.77
2020,E07000092,Rushmoor,Woodland Area,Hectares,805.9
2020,E07000093,Test Valley,Woodland Area,Hectares,10089.12
2020,E07000094,Winchester,Woodland Area,Hectares,9639.84
2020,E07000095,Broxbourne,Woodland Area,Hectares,740.18
2020,E07000096,Dacorum,Woodland Area,Hectares,2608.34
2020,E07000098,Hertsmere,Woodland Area,Hectares,901.87
2020,E07000099,North Hertfordshire,Woodland Area,Hectares,2695.54
2020,E07000102,Three Rivers,Woodland Area,Hectares,1326.04
2020,E07000103,Watford,Woodland Area,Hectares,208.39
2020,E07000105,Ashford,Woodland Area,Hectares,8434.79
2020,E07000106,Canterbury,Woodland Area,Hectares,5699.39
2020,E07000107,Dartford,Woodland Area,Hectares,767.05
2020,E07000108,Dover,Woodland Area,Hectares,2157.25
2020,E07000109,Gravesham,Woodland Area,Hectares,1424.38
2020,E07000110,Maidstone,Woodland Area,Hectares,4725.4
2020,E07000111,Sevenoaks,Woodland Area,Hectares,7275.88
2020,E07000112,Folkestone and Hythe,Woodland Area,Hectares,2255.44
2020,E07000113,Swale,Woodland Area,Hectares,3006.48
2020,E07000114,Thanet,Woodland Area,Hectares,153.34
2020,E07000115,Tonbridge and Malling,Woodland Area,Hectares,4527.43
2020,E07000116,Tunbridge Wells,Woodland Area,Hectares,7351.72
2020,E07000117,Burnley,Woodland Area,Hectares,968.43
2020,E07000118,Chorley,Woodland Area,Hectares,1731.76
2020,E07000119,Fylde,Woodland Area,Hectares,463.78
2020,E07000120,Hyndburn,Woodland Area,Hectares,626.07
2020,E07000121,Lancaster,Woodland Area,Hectares,4044.22
2020,E07000122,Pendle,Woodland Area,Hectares,686.21
2020,E07000123,Preston,Woodland Area,Hectares,747.1
2020,E07000124,Ribble Valley,Woodland Area,Hectares,5577.56
2020,E07000125,Rossendale,Woodland Area,Hectares,908.92
2020,E07000126,South Ribble,Woodland Area,Hectares,654.51
2020,E07000127,West Lancashire,Woodland Area,Hectares,1474.66
2020,E07000128,Wyre,Woodland Area,Hectares,1192.26
2020,E07000129,Blaby,Woodland Area,Hectares,395.73
2020,E07000130,Charnwood,Woodland Area,Hectares,2265.97
2020,E07000131,Harborough,Woodland Area,Hectares,2547.65
2020,E07000132,Hinckley and Bosworth,Woodland Area,Hectares,1839.97
2020,E07000133,Melton,Woodland Area,Hectares,2287.9
2020,E07000134,North West Leicestershire,Woodland Area,Hectares,3491.31
2020,E07000135,Oadby and Wigston,Woodland Area,Hectares,61.94
2020,E07000136,Boston,Woodland Area,Hectares,195.72
2020,E07000137,East Lindsey,Woodland Area,Hectares,7016.29
2020,E07000138,Lincoln,Woodland Area,Hectares,243.22
2020,E07000139,North Kesteven,Woodland Area,Hectares,3651.59
2020,E07000140,South Holland,Woodland Area,Hectares,300.08
2020,E07000141,South Kesteven,Woodland Area,Hectares,5608.35
2020,E07000142,West Lindsey,Woodland Area,Hectares,7678.86
2020,E07000143,Breckland,Woodland Area,Hectares,21531.94
2020,E07000144,Broadland,Woodland Area,Hectares,6492.31
2020,E07000145,Great Yarmouth,Woodland Area,Hectares,1038.28
2020,E07000146,King's Lynn and West Norfolk,Woodland Area,Hectares,10094.97
2020,E07000147,North Norfolk,Woodland Area,Hectares,9967.89
2020,E07000148,Norwich,Woodland Area,Hectares,307.54
2020,E07000149,South Norfolk,Woodland Area,Hectares,5845.26
2020,E07000150,Corby,Woodland Area,Hectares,1163.1
2020,E07000151,Daventry,Woodland Area,Hectares,2869.05
2020,E07000152,East Northamptonshire,Woodland Area,Hectares,5459.52
2020,E07000153,Kettering,Woodland Area,Hectares,1904.77
2020,E07000154,Northampton,Woodland Area,Hectares,456.83
2020,E07000155,South Northamptonshire,Woodland Area,Hectares,4617.85
2020,E07000156,Wellingborough,Woodland Area,Hectares,809.47
2020,E07000163,Craven,Woodland Area,Hectares,5642.02
2020,E07000164,Hambleton,Woodland Area,Hectares,9635.84
2020,E07000165,Harrogate,Woodland Area,Hectares,9535.6
2020,E07000166,Richmondshire,Woodland Area,Hectares,7014.79
2020,E07000167,Ryedale,Woodland Area,Hectares,22717.33
2020,E07000168,Scarborough,Woodland Area,Hectares,11711.74
2020,E07000169,Selby,Woodland Area,Hectares,3667.03
2020,E07000170,Ashfield,Woodland Area,Hectares,1622.39
2020,E07000171,Bassetlaw,Woodland Area,Hectares,6714.65
2020,E07000172,Broxtowe,Woodland Area,Hectares,603.19
2020,E07000173,Gedling,Woodland Area,Hectares,1757.43
2020,E07000174,Mansfield,Woodland Area,Hectares,1032.81
2020,E07000175,Newark and Sherwood,Woodland Area,Hectares,7202.21
2020,E07000176,Rushcliffe,Woodland Area,Hectares,2014.84
2020,E07000177,Cherwell,Woodland Area,Hectares,3211.49
2020,E07000178,Oxford,Woodland Area,Hectares,260.92
2020,E07000179,South Oxfordshire,Woodland Area,Hectares,9392.13
2020,E07000180,Vale of White Horse,Woodland Area,Hectares,4722.21
2020,E07000181,West Oxfordshire,Woodland Area,Hectares,6622.38
2020,E07000187,Mendip,Woodland Area,Hectares,5575.68
2020,E07000188,Sedgemoor,Woodland Area,Hectares,3176.82
2020,E07000189,South Somerset,Woodland Area,Hectares,5416.18
2020,E07000192,Cannock Chase,Woodland Area,Hectares,2572.23
2020,E07000193,East Staffordshire,Woodland Area,Hectares,3219.43
2020,E07000194,Lichfield,Woodland Area,Hectares,2033.84
2020,E07000195,Newcastle-under-Lyme,Woodland Area,Hectares,2352.61
2020,E07000196,South Staffordshire,Woodland Area,Hectares,4444.25
2020,E07000197,Stafford,Woodland Area,Hectares,5415.47
2020,E07000198,Staffordshire Moorlands,Woodland Area,Hectares,4847.99
2020,E07000199,Tamworth,Woodland Area,Hectares,102.56
2020,E07000200,Babergh,Woodland Area,Hectares,4509.28
2020,E07000202,Ipswich,Woodland Area,Hectares,172.58
2020,E07000203,Mid Suffolk,Woodland Area,Hectares,3762.81
2020,E07000207,Elmbridge,Woodland Area,Hectares,1706.13
2020,E07000208,Epsom and Ewell,Woodland Area,Hectares,461.85
2020,E07000209,Guildford,Woodland Area,Hectares,7881.21
2020,E07000210,Mole Valley,Woodland Area,Hectares,7495.08
2020,E07000211,Reigate and Banstead,Woodland Area,Hectares,2229.19
2020,E07000212,Runnymede,Woodland Area,Hectares,1816.29
2020,E07000213,Spelthorne,Woodland Area,Hectares,162.25
2020,E07000214,Surrey Heath,Woodland Area,Hectares,2982.34
2020,E07000215,Tandridge,Woodland Area,Hectares,4418.84
2020,E07000216,Waverley,Woodland Area,Hectares,11684.27
2020,E07000217,Woking,Woodland Area,Hectares,1397.25
2020,E07000218,North Warwickshire,Woodland Area,Hectares,2273.94
2020,E07000219,Nuneaton and Bedworth,Woodland Area,Hectares,432.53
2020,E07000220,Rugby,Woodland Area,Hectares,1600.14
2020,E07000221,Stratford-on-Avon,Woodland Area,Hectares,7240.36
2020,E07000222,Warwick,Woodland Area,Hectares,2104.42
2020,E07000223,Adur,Woodland Area,Hectares,145.0
2020,E07000224,Arun,Woodland Area,Hectares,3478.0
2020,E07000225,Chichester,Woodland Area,Hectares,20893.26
2020,E07000226,Crawley,Woodland Area,Hectares,577.47
2020,E07000227,Horsham,Woodland Area,Hectares,8850.82
2020,E07000228,Mid Sussex,Woodland Area,Hectares,8458.59
2020,E07000229,Worthing,Woodland Area,Hectares,195.69
2020,E07000234,Bromsgrove,Woodland Area,Hectares,2235.91
2020,E07000235,Malvern Hills,Woodland Area,Hectares,6202.83
2020,E07000236,Redditch,Woodland Area,Hectares,589.53
2020,E07000237,Worcester,Woodland Area,Hectares,147.8
2020,E07000238,Wychavon,Woodland Area,Hectares,4715.1
2020,E07000239,Wyre Forest,Woodland Area,Hectares,3524.8
2020,E07000240,St Albans,Woodland Area,Hectares,1949.01
2020,E07000241,Welwyn Hatfield,Woodland Area,Hectares,2407.24
2020,E07000242,East Hertfordshire,Woodland Area,Hectares,4782.43
2020,E07000243,Stevenage,Woodland Area,Hectares,166.06
2020,E07000244,East Suffolk,Woodland Area,Hectares,12813.03
2020,E07000245,West Suffolk,Woodland Area,Hectares,14931.17
2020,E07000246,Somerset West and Taunton,Woodland Area,Hectares,14553.61
2020,E08000001,Bolton,Woodland Area,Hectares,1348.83
2020,E08000002,Bury,Woodland Area,Hectares,889.23
2020,E08000003,Manchester,Woodland Area,Hectares,861.91
2020,E08000004,Oldham,Woodland Area,Hectares,808.27
2020,E08000005,Rochdale,Woodland Area,Hectares,821.33
2020,E08000006,Salford,Woodland Area,Hectares,910.26
2020,E08000007,Stockport,Woodland Area,Hectares,1209.25
2020,E08000008,Tameside,Woodland Area,Hectares,913.28
2020,E08000009,Trafford,Woodland Area,Hectares,557.16
2020,E08000010,Wigan,Woodland Area,Hectares,1860.86
2020,E08000011,Knowsley,Woodland Area,Hectares,886.79
2020,E08000012,Liverpool,Woodland Area,Hectares,528.64
2020,E08000013,St. Helens,Woodland Area,Hectares,1276.88
2020,E08000014,Sefton,Woodland Area,Hectares,875.31
2020,E08000015,Wirral,Woodland Area,Hectares,997.28
2020,E08000016,Barnsley,Woodland Area,Hectares,3723.35
2020,E08000017,Doncaster,Woodland Area,Hectares,5024.44
2020,E08000018,Rotherham,Woodland Area,Hectares,2940.74
2020,E08000019,Sheffield,Woodland Area,Hectares,4872.57
2020,E08000021,Newcastle upon Tyne,Woodland Area,Hectares,659.26
2020,E08000022,North Tyneside,Woodland Area,Hectares,267.44
2020,E08000023,South Tyneside,Woodland Area,Hectares,219.12
2020,E08000024,Sunderland,Woodland Area,Hectares,1055.8
2020,E08000025,Birmingham,Woodland Area,Hectares,1621.46
2020,E08000026,Coventry,Woodland Area,Hectares,533.86
2020,E08000027,Dudley,Woodland Area,Hectares,678.55
2020,E08000028,Sandwell,Woodland Area,Hectares,500.35
2020,E08000029,Solihull,Woodland Area,Hectares,1211.14
2020,E08000030,Walsall,Woodland Area,Hectares,701.4
2020,E08000031,Wolverhampton,Woodland Area,Hectares,270.18
2020,E08000032,Bradford,Woodland Area,Hectares,2314.79
2020,E08000033,Calderdale,Woodland Area,Hectares,2626.12
2020,E08000034,Kirklees,Woodland Area,Hectares,3574.06
2020,E08000035,Leeds,Woodland Area,Hectares,5421.05
2020,E08000036,Wakefield,Woodland Area,Hectares,2548.91
2020,E08000037,Gateshead,Woodland Area,Hectares,2183.17
2020,E09000001,City of London,Woodland Area,Hectares,2.5
2020,E09000002,Barking and Dagenham,Woodland Area,Hectares,45.24
2020,E09000003,Barnet,Woodland Area,Hectares,828.23
2020,E09000004,Bexley,Woodland Area,Hectares,469.06
2020,E09000005,Brent,Woodland Area,Hectares,143.7
2020,E09000006,Bromley,Woodland Area,Hectares,2220.24
2020,E09000007,Camden,Woodland Area,Hectares,288.43
2020,E09000008,Croydon,Woodland Area,Hectares,1115.51
2020,E09000009,Ealing,Woodland Area,Hectares,210.35
2020,E09000010,Enfield,Woodland Area,Hectares,643.87
2020,E09000011,Greenwich,Woodland Area,Hectares,439.03
2020,E09000012,Hackney,Woodland Area,Hectares,81.68
2020,E09000013,Hammersmith and Fulham,Woodland Area,Hectares,47.97
2020,E09000014,Haringey,Woodland Area,Hectares,262.12
2020,E09000015,Harrow,Woodland Area,Hectares,425.02
2020,E09000016,Havering,Woodland Area,Hectares,964.15
2020,E09000017,Hillingdon,Woodland Area,Hectares,1037.35
2020,E09000018,Hounslow,Woodland Area,Hectares,321.44
2020,E09000019,Islington,Woodland Area,Hectares,47.13
2020,E09000020,Kensington and Chelsea,Woodland Area,Hectares,62.92
2020,E09000021,Kingston upon Thames,Woodland Area,Hectares,195.04
2020,E09000022,Lambeth,Woodland Area,Hectares,68.15
2020,E09000023,Lewisham,Woodland Area,Hectares,171.65
2020,E09000024,Merton,Woodland Area,Hectares,332.36
2020,E09000025,Newham,Woodland Area,Hectares,69.07
2020,E09000026,Redbridge,Woodland Area,Hectares,367.12
2020,E09000027,Richmond upon Thames,Woodland Area,Hectares,963.79
2020,E09000028,Southwark,Woodland Area,Hectares,172.29
2020,E09000029,Sutton,Woodland Area,Hectares,148.77
2020,E09000030,Tower Hamlets,Woodland Area,Hectares,79.83
2020,E09000031,Waltham Forest,Woodland Area,Hectares,398.56
2020,E09000032,Wandsworth,Woodland Area,Hectares,281.68
2020,E09000033,Westminster,Woodland Area,Hectares,257.14
2020,N09000001,Antrim and Newtownabbey,Woodland Area,Hectares,2426.0
2020,N09000002,"Armagh City, Banbridge and Craigavon",Woodland Area,Hectares,5149.0
2020,N09000003,Belfast,Woodland Area,Hectares,779.0
2020,N09000004,Causeway Coast and Glens,Woodland Area,Hectares,23972.0
2020,N09000005,Derry City and Strabane,Woodland Area,Hectares,12029.0
2020,N09000006,Fermanagh and Omagh,Woodland Area,Hectares,38081.0
2020,N09000007,Lisburn and Castlereagh,Woodland Area,Hectares,1801.0
2020,N09000008,Mid and East Antrim,Woodland Area,Hectares,6467.0
2020,N09000009,Mid Ulster,Woodland Area,Hectares,12231.0
2020,N09000010,"Newry, Mourne and Down",Woodland Area,Hectares,11357.0
2020,N09000011,Ards and North Down,Woodland Area,Hectares,2549.0
2020,S12000005,Clackmannanshire,Woodland Area,Hectares,2356.99
2020,S12000006,Dumfries and Galloway,Woodland Area,Hectares,182871.21
2020,S12000008,East Ayrshire,Woodland Area,Hectares,27501.75
2020,S12000010,East Lothian,Woodland Area,Hectares,6704.44
2020,S12000011,East Renfrewshire,Woodland Area,Hectares,2373.57
2020,S12000013,Na h-Eileanan Siar,Woodland Area,Hectares,3403.65
2020,S12000014,Falkirk,Woodland Area,Hectares,4522.02
2020,S12000017,Highland,Woodland Area,Hectares,424647.19
2020,S12000018,Inverclyde,Woodland Area,Hectares,2131.21
2020,S12000019,Midlothian,Woodland Area,Hectares,4720.44
2020,S12000020,Moray,Woodland Area,Hectares,67706.34
2020,S12000021,North Ayrshire,Woodland Area,Hectares,15255.57
2020,S12000023,Orkney Islands,Woodland Area,Hectares,215.22
2020,S12000026,Scottish Borders,Woodland Area,Hectares,100206.13
2020,S12000027,Shetland Islands,Woodland Area,Hectares,52.7
2020,S12000028,South Ayrshire,Woodland Area,Hectares,36610.38
2020,S12000029,South Lanarkshire,Woodland Area,Hectares,32531.02
2020,S12000030,Stirling,Woodland Area,Hectares,57451.18
2020,S12000033,Aberdeen City,Woodland Area,Hectares,2337.71
2020,S12000034,Aberdeenshire,Woodland Area,Hectares,112612.5
2020,S12000035,Argyll and Bute,Woodland Area,Hectares,209029.79
2020,S12000036,City of Edinburgh,Woodland Area,Hectares,2799.74
2020,S12000038,Renfrewshire,Woodland Area,Hectares,3385.53
2020,S12000039,West Dunbartonshire,Woodland Area,Hectares,3763.63
2020,S12000040,West Lothian,Woodland Area,Hectares,8623.07
2020,S12000041,Angus,Woodland Area,Hectares,22910.96
2020,S12000042,Dundee City,Woodland Area,Hectares,401.36
2020,S12000045,East Dunbartonshire,Woodland Area,Hectares,2965.69
2020,S12000047,Fife,Woodland Area,Hectares,17822.27
2020,S12000048,Perth and Kinross,Woodland Area,Hectares,98829.35
2020,S12000049,Glasgow City,Woodland Area,Hectares,1607.55
2020,S12000050,North Lanarkshire,Woodland Area,Hectares,10201.3
2020,W06000001,Isle of Anglesey,Woodland Area,Hectares,3402.11
2020,W06000002,Gwynedd,Woodland Area,Hectares,39381.79
2020,W06000003,Conwy,Woodland Area,Hectares,15003.93
2020,W06000004,Denbighshire,Woodland Area,Hectares,13148.53
2020,W06000005,Flintshire,Woodland Area,Hectares,4338.2
2020,W06000006,Wrexham,Woodland Area,Hectares,4813.91
2020,W06000008,Ceredigion,Woodland Area,Hectares,27493.51
2020,W06000009,Pembrokeshire,Woodland Area,Hectares,15512.0
2020,W06000010,Carmarthenshire,Woodland Area,Hectares,39532.01
2020,W06000011,Swansea,Woodland Area,Hectares,4374.93
2020,W06000012,Neath Port Talbot,Woodland Area,Hectares,17338.92
2020,W06000013,Bridgend,Woodland Area,Hectares,4145.12
2020,W06000014,Vale of Glamorgan,Woodland Area,Hectares,2790.74
2020,W06000015,Cardiff,Woodland Area,Hectares,1582.16
2020,W06000016,Rhondda Cynon Taf,Woodland Area,Hectares,11606.26
2020,W06000018,Caerphilly,Woodland Area,Hectares,5664.64
2020,W06000019,Blaenau Gwent,Woodland Area,Hectares,1635.71
2020,W06000020,Torfaen,Woodland Area,Hectares,2022.25
2020,W06000021,Monmouthshire,Woodland Area,Hectares,13931.05
2020,W06000022,Newport,Woodland Area,Hectares,2051.93
2020,W06000023,Powys,Woodland Area,Hectares,78212.92
2020,W06000024,Merthyr Tydfil,Woodland Area,Hectares,1885.8
2020,E06000001,Hartlepool,Woodland area as percentage of standard area,Percent,4.67
2020,E06000002,Middlesbrough,Woodland area as percentage of standard area,Percent,5.42
2020,E06000003,Redcar and Cleveland,Woodland area as percentage of standard area,Percent,12.19
2020,E06000004,Stockton-on-Tees,Woodland area as percentage of standard area,Percent,6.39
2020,E06000005,Darlington,Woodland area as percentage of standard area,Percent,4.05
2020,E06000006,Halton,Woodland area as percentage of standard area,Percent,6.91
2020,E06000007,Warrington,Woodland area as percentage of standard area,Percent,7.9
2020,E06000008,Blackburn with Darwen,Woodland area as percentage of standard area,Percent,9.76
2020,E06000009,Blackpool,Woodland area as percentage of standard area,Percent,1.7
2020,E06000010,"Kingston upon Hull, City of",Woodland area as percentage of standard area,Percent,1.78
2020,E06000011,East Riding of Yorkshire,Woodland area as percentage of standard area,Percent,3.93
2020,E06000012,North East Lincolnshire,Woodland area as percentage of standard area,Percent,3.56
2020,E06000013,North Lincolnshire,Woodland area as percentage of standard area,Percent,5.14
2020,E06000014,York,Woodland area as percentage of standard area,Percent,4.89
2020,E06000015,Derby,Woodland area as percentage of standard area,Percent,3.56
2020,E06000016,Leicester,Woodland area as percentage of standard area,Percent,3.37
2020,E06000017,Rutland,Woodland area as percentage of standard area,Percent,6.64
2020,E06000018,Nottingham,Woodland area as percentage of standard area,Percent,5.48
2020,E06000019,"Herefordshire, County of",Woodland area as percentage of standard area,Percent,11.69
2020,E06000020,Telford and Wrekin,Woodland area as percentage of standard area,Percent,9.26
2020,E06000021,Stoke-on-Trent,Woodland area as percentage of standard area,Percent,5.57
2020,E06000022,Bath and North East Somerset,Woodland area as percentage of standard area,Percent,8.35
2020,E06000023,"Bristol, City of",Woodland area as percentage of standard area,Percent,6.13
2020,E06000024,North Somerset,Woodland area as percentage of standard area,Percent,10.77
2020,E06000025,South Gloucestershire,Woodland area as percentage of standard area,Percent,6.11
2020,E06000026,Plymouth,Woodland area as percentage of standard area,Percent,10.7
2020,E06000027,Torbay,Woodland area as percentage of standard area,Percent,9.13
2020,E06000030,Swindon,Woodland area as percentage of standard area,Percent,6.53
2020,E06000031,Peterborough,Woodland area as percentage of standard area,Percent,5.56
2020,E06000032,Luton,Woodland area as percentage of standard area,Percent,2.95
2020,E06000033,Southend-on-Sea,Woodland area as percentage of standard area,Percent,2.48
2020,E06000034,Thurrock,Woodland area as percentage of standard area,Percent,4.91
2020,E06000035,Medway,Woodland area as percentage of standard area,Percent,7.68
2020,E06000036,Bracknell Forest,Woodland area as percentage of standard area,Percent,33.21
2020,E06000037,West Berkshire,Woodland area as percentage of standard area,Percent,16.46
2020,E06000038,Reading,Woodland area as percentage of standard area,Percent,5.02
2020,E06000039,Slough,Woodland area as percentage of standard area,Percent,3.86
2020,E06000040,Windsor and Maidenhead,Woodland area as percentage of standard area,Percent,15.75
2020,E06000041,Wokingham,Woodland area as percentage of standard area,Percent,14.23
2020,E06000042,Milton Keynes,Woodland area as percentage of standard area,Percent,7.54
2020,E06000043,Brighton and Hove,Woodland area as percentage of standard area,Percent,5.85
2020,E06000044,Portsmouth,Woodland area as percentage of standard area,Percent,1.97
2020,E06000045,Southampton,Woodland area as percentage of standard area,Percent,7.49
2020,E06000046,Isle of Wight,Woodland area as percentage of standard area,Percent,13.67
2020,E06000047,County Durham,Woodland area as percentage of standard area,Percent,8.61
2020,E06000049,Cheshire East,Woodland area as percentage of standard area,Percent,6.49
2020,E06000050,Cheshire West and Chester,Woodland area as percentage of standard area,Percent,6.23
2020,E06000051,Shropshire,Woodland area as percentage of standard area,Percent,9.37
2020,E06000052,Cornwall,Woodland area as percentage of standard area,Percent,9.43
2020,E06000053,Isles of Scilly,Woodland area as percentage of standard area,Percent,3.31
2020,E06000054,Wiltshire,Woodland area as percentage of standard area,Percent,10.3
2020,E06000055,Bedford,Woodland area as percentage of standard area,Percent,6.38
2020,E06000056,Central Bedfordshire,Woodland area as percentage of standard area,Percent,9.74
2020,E06000057,Northumberland,Woodland area as percentage of standard area,Percent,17.67
2020,E06000058,"Bournemouth, Christchurch and Poole",Woodland area as percentage of standard area,Percent,11.53
2020,E06000059,Dorset,Woodland area as percentage of standard area,Percent,12.17
2020,E06000060,Buckinghamshire,Woodland area as percentage of standard area,Percent,12.45
2020,E07000008,Cambridge,Woodland area as percentage of standard area,Percent,4.5
2020,E07000009,East Cambridgeshire,Woodland area as percentage of standard area,Percent,2.89
2020,E07000010,Fenland,Woodland area as percentage of standard area,Percent,0.53
2020,E07000011,Huntingdonshire,Woodland area as percentage of standard area,Percent,4.25
2020,E07000012,South Cambridgeshire,Woodland area as percentage of standard area,Percent,4.47
2020,E07000026,Allerdale,Woodland area as percentage of standard area,Percent,6.89
2020,E07000027,Barrow-in-Furness,Woodland area as percentage of standard area,Percent,3.22
2020,E07000028,Carlisle,Woodland area as percentage of standard area,Percent,18.76
2020,E07000029,Copeland,Woodland area as percentage of standard area,Percent,10.49
2020,E07000030,Eden,Woodland area as percentage of standard area,Percent,6.19
2020,E07000031,South Lakeland,Woodland area as percentage of standard area,Percent,13.57
2020,E07000032,Amber Valley,Woodland area as percentage of standard area,Percent,8.92
2020,E07000033,Bolsover,Woodland area as percentage of standard area,Percent,10.37
2020,E07000034,Chesterfield,Woodland area as percentage of standard area,Percent,8.16
2020,E07000035,Derbyshire Dales,Woodland area as percentage of standard area,Percent,9.51
2020,E07000036,Erewash,Woodland area as percentage of standard area,Percent,5.55
2020,E07000037,High Peak,Woodland area as percentage of standard area,Percent,8.27
2020,E07000038,North East Derbyshire,Woodland area as percentage of standard area,Percent,10.92
2020,E07000039,South Derbyshire,Woodland area as percentage of standard area,Percent,9.38
2020,E07000040,East Devon,Woodland area as percentage of standard area,Percent,11.61
2020,E07000041,Exeter,Woodland area as percentage of standard area,Percent,8.17
2020,E07000042,Mid Devon,Woodland area as percentage of standard area,Percent,10.2
2020,E07000043,North Devon,Woodland area as percentage of standard area,Percent,10.46
2020,E07000044,South Hams,Woodland area as percentage of standard area,Percent,9.56
2020,E07000045,Teignbridge,Woodland area as percentage of standard area,Percent,19.63
2020,E07000046,Torridge,Woodland area as percentage of standard area,Percent,13.93
2020,E07000047,West Devon,Woodland area as percentage of standard area,Percent,10.84
2020,E07000061,Eastbourne,Woodland area as percentage of standard area,Percent,5.31
2020,E07000062,Hastings,Woodland area as percentage of standard area,Percent,12.87
2020,E07000063,Lewes,Woodland area as percentage of standard area,Percent,9.91
2020,E07000064,Rother,Woodland area as percentage of standard area,Percent,21.52
2020,E07000065,Wealden,Woodland area as percentage of standard area,Percent,22.8
2020,E07000066,Basildon,Woodland area as percentage of standard area,Percent,7.98
2020,E07000067,Braintree,Woodland area as percentage of standard area,Percent,6.76
2020,E07000068,Brentwood,Woodland area as percentage of standard area,Percent,11.04
2020,E07000069,Castle Point,Woodland area as percentage of standard area,Percent,11.03
2020,E07000070,Chelmsford,Woodland area as percentage of standard area,Percent,7.16
2020,E07000071,Colchester,Woodland area as percentage of standard area,Percent,8.24
2020,E07000072,Epping Forest,Woodland area as percentage of standard area,Percent,10.71
2020,E07000073,Harlow,Woodland area as percentage of standard area,Percent,8.59
2020,E07000074,Maldon,Woodland area as percentage of standard area,Percent,3.94
2020,E07000075,Rochford,Woodland area as percentage of standard area,Percent,3.71
2020,E07000076,Tendring,Woodland area as percentage of standard area,Percent,4.39
2020,E07000077,Uttlesford,Woodland area as percentage of standard area,Percent,6.05
2020,E07000078,Cheltenham,Woodland area as percentage of standard area,Percent,5.32
2020,E07000079,Cotswold,Woodland area as percentage of standard area,Percent,11.4
2020,E07000080,Forest of Dean,Woodland area as percentage of standard area,Percent,25.95
2020,E07000081,Gloucester,Woodland area as percentage of standard area,Percent,4.18
2020,E07000082,Stroud,Woodland area as percentage of standard area,Percent,11.88
2020,E07000083,Tewkesbury,Woodland area as percentage of standard area,Percent,7.7
2020,E07000084,Basingstoke and Deane,Woodland area as percentage of standard area,Percent,16.77
2020,E07000085,East Hampshire,Woodland area as percentage of standard area,Percent,21.77
2020,E07000086,Eastleigh,Woodland area as percentage of standard area,Percent,12.07
2020,E07000087,Fareham,Woodland area as percentage of standard area,Percent,8.76
2020,E07000088,Gosport,Woodland area as percentage of standard area,Percent,6.53
2020,E07000089,Hart,Woodland area as percentage of standard area,Percent,27.63
2020,E07000090,Havant,Woodland area as percentage of standard area,Percent,8.47
2020,E07000091,New Forest,Woodland area as percentage of standard area,Percent,29.88
2020,E07000092,Rushmoor,Woodland area as percentage of standard area,Percent,20.64
2020,E07000093,Test Valley,Woodland area as percentage of standard area,Percent,16.08
2020,E07000094,Winchester,Woodland area as percentage of standard area,Percent,14.58
2020,E07000095,Broxbourne,Woodland area as percentage of standard area,Percent,14.39
2020,E07000096,Dacorum,Woodland area as percentage of standard area,Percent,12.28
2020,E07000098,Hertsmere,Woodland area as percentage of standard area,Percent,8.92
2020,E07000099,North Hertfordshire,Woodland area as percentage of standard area,Percent,7.18
2020,E07000102,Three Rivers,Woodland area as percentage of standard area,Percent,14.93
2020,E07000103,Watford,Woodland area as percentage of standard area,Percent,9.72
2020,E07000105,Ashford,Woodland area as percentage of standard area,Percent,14.53
2020,E07000106,Canterbury,Woodland area as percentage of standard area,Percent,18.46
2020,E07000107,Dartford,Woodland area as percentage of standard area,Percent,10.55
2020,E07000108,Dover,Woodland area as percentage of standard area,Percent,6.84
2020,E07000109,Gravesham,Woodland area as percentage of standard area,Percent,14.39
2020,E07000110,Maidstone,Woodland area as percentage of standard area,Percent,12.01
2020,E07000111,Sevenoaks,Woodland area as percentage of standard area,Percent,19.71
2020,E07000112,Folkestone and Hythe,Woodland area as percentage of standard area,Percent,6.32
2020,E07000113,Swale,Woodland area as percentage of standard area,Percent,8.05
2020,E07000114,Thanet,Woodland area as percentage of standard area,Percent,1.48
2020,E07000115,Tonbridge and Malling,Woodland area as percentage of standard area,Percent,18.86
2020,E07000116,Tunbridge Wells,Woodland area as percentage of standard area,Percent,22.19
2020,E07000117,Burnley,Woodland area as percentage of standard area,Percent,8.75
2020,E07000118,Chorley,Woodland area as percentage of standard area,Percent,8.54
2020,E07000119,Fylde,Woodland area as percentage of standard area,Percent,2.8
2020,E07000120,Hyndburn,Woodland area as percentage of standard area,Percent,8.58
2020,E07000121,Lancaster,Woodland area as percentage of standard area,Percent,7.13
2020,E07000122,Pendle,Woodland area as percentage of standard area,Percent,4.05
2020,E07000123,Preston,Woodland area as percentage of standard area,Percent,5.25
2020,E07000124,Ribble Valley,Woodland area as percentage of standard area,Percent,9.56
2020,E07000125,Rossendale,Woodland area as percentage of standard area,Percent,6.58
2020,E07000126,South Ribble,Woodland area as percentage of standard area,Percent,5.78
2020,E07000127,West Lancashire,Woodland area as percentage of standard area,Percent,4.25
2020,E07000128,Wyre,Woodland area as percentage of standard area,Percent,4.23
2020,E07000129,Blaby,Woodland area as percentage of standard area,Percent,3.03
2020,E07000130,Charnwood,Woodland area as percentage of standard area,Percent,8.12
2020,E07000131,Harborough,Woodland area as percentage of standard area,Percent,4.3
2020,E07000132,Hinckley and Bosworth,Woodland area as percentage of standard area,Percent,6.19
2020,E07000133,Melton,Woodland area as percentage of standard area,Percent,4.75
2020,E07000134,North West Leicestershire,Woodland area as percentage of standard area,Percent,12.5
2020,E07000135,Oadby and Wigston,Woodland area as percentage of standard area,Percent,2.63
2020,E07000136,Boston,Woodland area as percentage of standard area,Percent,0.54
2020,E07000137,East Lindsey,Woodland area as percentage of standard area,Percent,3.97
2020,E07000138,Lincoln,Woodland area as percentage of standard area,Percent,6.81
2020,E07000139,North Kesteven,Woodland area as percentage of standard area,Percent,3.96
2020,E07000140,South Holland,Woodland area as percentage of standard area,Percent,0.4
2020,E07000141,South Kesteven,Woodland area as percentage of standard area,Percent,5.95
2020,E07000142,West Lindsey,Woodland area as percentage of standard area,Percent,6.64
2020,E07000143,Breckland,Woodland area as percentage of standard area,Percent,16.5
2020,E07000144,Broadland,Woodland area as percentage of standard area,Percent,11.76
2020,E07000145,Great Yarmouth,Woodland area as percentage of standard area,Percent,5.96
2020,E07000146,King's Lynn and West Norfolk,Woodland area as percentage of standard area,Percent,7.01
2020,E07000147,North Norfolk,Woodland area as percentage of standard area,Percent,10.32
2020,E07000148,Norwich,Woodland area as percentage of standard area,Percent,7.88
2020,E07000149,South Norfolk,Woodland area as percentage of standard area,Percent,6.44
2020,E07000150,Corby,Woodland area as percentage of standard area,Percent,14.49
2020,E07000151,Daventry,Woodland area as percentage of standard area,Percent,4.33
2020,E07000152,East Northamptonshire,Woodland area as percentage of standard area,Percent,10.71
2020,E07000153,Kettering,Woodland area as percentage of standard area,Percent,8.16
2020,E07000154,Northampton,Woodland area as percentage of standard area,Percent,5.66
2020,E07000155,South Northamptonshire,Woodland area as percentage of standard area,Percent,7.28
2020,E07000156,Wellingborough,Woodland area as percentage of standard area,Percent,4.96
2020,E07000163,Craven,Woodland area as percentage of standard area,Percent,4.79
2020,E07000164,Hambleton,Woodland area as percentage of standard area,Percent,7.35
2020,E07000165,Harrogate,Woodland area as percentage of standard area,Percent,7.29
2020,E07000166,Richmondshire,Woodland area as percentage of standard area,Percent,5.32
2020,E07000167,Ryedale,Woodland area as percentage of standard area,Percent,15.08
2020,E07000168,Scarborough,Woodland area as percentage of standard area,Percent,14.35
2020,E07000169,Selby,Woodland area as percentage of standard area,Percent,6.12
2020,E07000170,Ashfield,Woodland area as percentage of standard area,Percent,14.81
2020,E07000171,Bassetlaw,Woodland area as percentage of standard area,Percent,10.53
2020,E07000172,Broxtowe,Woodland area as percentage of standard area,Percent,7.53
2020,E07000173,Gedling,Woodland area as percentage of standard area,Percent,14.65
2020,E07000174,Mansfield,Woodland area as percentage of standard area,Percent,13.47
2020,E07000175,Newark and Sherwood,Woodland area as percentage of standard area,Percent,11.06
2020,E07000176,Rushcliffe,Woodland area as percentage of standard area,Percent,4.92
2020,E07000177,Cherwell,Woodland area as percentage of standard area,Percent,5.45
2020,E07000178,Oxford,Woodland area as percentage of standard area,Percent,5.72
2020,E07000179,South Oxfordshire,Woodland area as percentage of standard area,Percent,13.84
2020,E07000180,Vale of White Horse,Woodland area as percentage of standard area,Percent,8.17
2020,E07000181,West Oxfordshire,Woodland area as percentage of standard area,Percent,9.27
2020,E07000187,Mendip,Woodland area as percentage of standard area,Percent,7.54
2020,E07000188,Sedgemoor,Woodland area as percentage of standard area,Percent,5.63
2020,E07000189,South Somerset,Woodland area as percentage of standard area,Percent,5.65
2020,E07000192,Cannock Chase,Woodland area as percentage of standard area,Percent,32.61
2020,E07000193,East Staffordshire,Woodland area as percentage of standard area,Percent,8.32
2020,E07000194,Lichfield,Woodland area as percentage of standard area,Percent,6.14
2020,E07000195,Newcastle-under-Lyme,Woodland area as percentage of standard area,Percent,11.15
2020,E07000196,South Staffordshire,Woodland area as percentage of standard area,Percent,10.91
2020,E07000197,Stafford,Woodland area as percentage of standard area,Percent,9.05
2020,E07000198,Staffordshire Moorlands,Woodland area as percentage of standard area,Percent,8.42
2020,E07000199,Tamworth,Woodland area as percentage of standard area,Percent,3.32
2020,E07000200,Babergh,Woodland area as percentage of standard area,Percent,7.59
2020,E07000202,Ipswich,Woodland area as percentage of standard area,Percent,4.37
2020,E07000203,Mid Suffolk,Woodland area as percentage of standard area,Percent,4.32
2020,E07000207,Elmbridge,Woodland area as percentage of standard area,Percent,17.95
2020,E07000208,Epsom and Ewell,Woodland area as percentage of standard area,Percent,13.55
2020,E07000209,Guildford,Woodland area as percentage of standard area,Percent,29.09
2020,E07000210,Mole Valley,Woodland area as percentage of standard area,Percent,29.01
2020,E07000211,Reigate and Banstead,Woodland area as percentage of standard area,Percent,17.26
2020,E07000212,Runnymede,Woodland area as percentage of standard area,Percent,23.27
2020,E07000213,Spelthorne,Woodland area as percentage of standard area,Percent,3.61
2020,E07000214,Surrey Heath,Woodland area as percentage of standard area,Percent,31.36
2020,E07000215,Tandridge,Woodland area as percentage of standard area,Percent,17.8
2020,E07000216,Waverley,Woodland area as percentage of standard area,Percent,33.85
2020,E07000217,Woking,Woodland area as percentage of standard area,Percent,21.97
2020,E07000218,North Warwickshire,Woodland area as percentage of standard area,Percent,8.0
2020,E07000219,Nuneaton and Bedworth,Woodland area as percentage of standard area,Percent,5.48
2020,E07000220,Rugby,Woodland area as percentage of standard area,Percent,4.56
2020,E07000221,Stratford-on-Avon,Woodland area as percentage of standard area,Percent,7.4
2020,E07000222,Warwick,Woodland area as percentage of standard area,Percent,7.44
2020,E07000223,Adur,Woodland area as percentage of standard area,Percent,3.45
2020,E07000224,Arun,Woodland area as percentage of standard area,Percent,15.74
2020,E07000225,Chichester,Woodland area as percentage of standard area,Percent,26.58
2020,E07000226,Crawley,Woodland area as percentage of standard area,Percent,12.84
2020,E07000227,Horsham,Woodland area as percentage of standard area,Percent,16.69
2020,E07000228,Mid Sussex,Woodland area as percentage of standard area,Percent,25.32
2020,E07000229,Worthing,Woodland area as percentage of standard area,Percent,6.02
2020,E07000234,Bromsgrove,Woodland area as percentage of standard area,Percent,10.31
2020,E07000235,Malvern Hills,Woodland area as percentage of standard area,Percent,10.75
2020,E07000236,Redditch,Woodland area as percentage of standard area,Percent,10.87
2020,E07000237,Worcester,Woodland area as percentage of standard area,Percent,4.44
2020,E07000238,Wychavon,Woodland area as percentage of standard area,Percent,7.11
2020,E07000239,Wyre Forest,Woodland area as percentage of standard area,Percent,18.04
2020,E07000240,St Albans,Woodland area as percentage of standard area,Percent,12.09
2020,E07000241,Welwyn Hatfield,Woodland area as percentage of standard area,Percent,18.58
2020,E07000242,East Hertfordshire,Woodland area as percentage of standard area,Percent,10.05
2020,E07000243,Stevenage,Woodland area as percentage of standard area,Percent,6.39
2020,E07000244,East Suffolk,Woodland area as percentage of standard area,Percent,10.16
2020,E07000245,West Suffolk,Woodland area as percentage of standard area,Percent,14.43
2020,E07000246,Somerset West and Taunton,Woodland area as percentage of standard area,Percent,12.25
2020,E08000001,Bolton,Woodland area as percentage of standard area,Percent,9.65
2020,E08000002,Bury,Woodland area as percentage of standard area,Percent,8.94
2020,E08000003,Manchester,Woodland area as percentage of standard area,Percent,7.45
2020,E08000004,Oldham,Woodland area as percentage of standard area,Percent,5.68
2020,E08000005,Rochdale,Woodland area as percentage of standard area,Percent,5.19
2020,E08000006,Salford,Woodland area as percentage of standard area,Percent,9.37
2020,E08000007,Stockport,Woodland area as percentage of standard area,Percent,9.59
2020,E08000008,Tameside,Woodland area as percentage of standard area,Percent,8.85
2020,E08000009,Trafford,Woodland area as percentage of standard area,Percent,5.25
2020,E08000010,Wigan,Woodland area as percentage of standard area,Percent,9.89
2020,E08000011,Knowsley,Woodland area as percentage of standard area,Percent,10.25
2020,E08000012,Liverpool,Woodland area as percentage of standard area,Percent,4.73
2020,E08000013,St. Helens,Woodland area as percentage of standard area,Percent,9.36
2020,E08000014,Sefton,Woodland area as percentage of standard area,Percent,5.59
2020,E08000015,Wirral,Woodland area as percentage of standard area,Percent,6.2
2020,E08000016,Barnsley,Woodland area as percentage of standard area,Percent,11.31
2020,E08000017,Doncaster,Woodland area as percentage of standard area,Percent,8.85
2020,E08000018,Rotherham,Woodland area as percentage of standard area,Percent,10.26
2020,E08000019,Sheffield,Woodland area as percentage of standard area,Percent,13.24
2020,E08000021,Newcastle upon Tyne,Woodland area as percentage of standard area,Percent,5.81
2020,E08000022,North Tyneside,Woodland area as percentage of standard area,Percent,3.25
2020,E08000023,South Tyneside,Woodland area as percentage of standard area,Percent,3.4
2020,E08000024,Sunderland,Woodland area as percentage of standard area,Percent,7.68
2020,E08000025,Birmingham,Woodland area as percentage of standard area,Percent,6.05
2020,E08000026,Coventry,Woodland area as percentage of standard area,Percent,5.41
2020,E08000027,Dudley,Woodland area as percentage of standard area,Percent,6.93
2020,E08000028,Sandwell,Woodland area as percentage of standard area,Percent,5.85
2020,E08000029,Solihull,Woodland area as percentage of standard area,Percent,6.79
2020,E08000030,Walsall,Woodland area as percentage of standard area,Percent,6.75
2020,E08000031,Wolverhampton,Woodland area as percentage of standard area,Percent,3.89
2020,E08000032,Bradford,Woodland area as percentage of standard area,Percent,6.32
2020,E08000033,Calderdale,Woodland area as percentage of standard area,Percent,7.22
2020,E08000034,Kirklees,Woodland area as percentage of standard area,Percent,8.75
2020,E08000035,Leeds,Woodland area as percentage of standard area,Percent,9.83
2020,E08000036,Wakefield,Woodland area as percentage of standard area,Percent,7.53
2020,E08000037,Gateshead,Woodland area as percentage of standard area,Percent,15.34
2020,E09000001,City of London,Woodland area as percentage of standard area,Percent,0.87
2020,E09000002,Barking and Dagenham,Woodland area as percentage of standard area,Percent,1.25
2020,E09000003,Barnet,Woodland area as percentage of standard area,Percent,9.55
2020,E09000004,Bexley,Woodland area as percentage of standard area,Percent,7.74
2020,E09000005,Brent,Woodland area as percentage of standard area,Percent,3.32
2020,E09000006,Bromley,Woodland area as percentage of standard area,Percent,14.79
2020,E09000007,Camden,Woodland area as percentage of standard area,Percent,13.24
2020,E09000008,Croydon,Woodland area as percentage of standard area,Percent,12.9
2020,E09000009,Ealing,Woodland area as percentage of standard area,Percent,3.79
2020,E09000010,Enfield,Woodland area as percentage of standard area,Percent,7.97
2020,E09000011,Greenwich,Woodland area as percentage of standard area,Percent,9.28
2020,E09000012,Hackney,Woodland area as percentage of standard area,Percent,4.29
2020,E09000013,Hammersmith and Fulham,Woodland area as percentage of standard area,Percent,2.92
2020,E09000014,Haringey,Woodland area as percentage of standard area,Percent,8.85
2020,E09000015,Harrow,Woodland area as percentage of standard area,Percent,8.42
2020,E09000016,Havering,Woodland area as percentage of standard area,Percent,8.58
2020,E09000017,Hillingdon,Woodland area as percentage of standard area,Percent,8.97
2020,E09000018,Hounslow,Woodland area as percentage of standard area,Percent,5.74
2020,E09000019,Islington,Woodland area as percentage of standard area,Percent,3.17
2020,E09000020,Kensington and Chelsea,Woodland area as percentage of standard area,Percent,5.19
2020,E09000021,Kingston upon Thames,Woodland area as percentage of standard area,Percent,5.23
2020,E09000022,Lambeth,Woodland area as percentage of standard area,Percent,2.54
2020,E09000023,Lewisham,Woodland area as percentage of standard area,Percent,4.88
2020,E09000024,Merton,Woodland area as percentage of standard area,Percent,8.83
2020,E09000025,Newham,Woodland area as percentage of standard area,Percent,1.91
2020,E09000026,Redbridge,Woodland area as percentage of standard area,Percent,6.51
2020,E09000027,Richmond upon Thames,Woodland area as percentage of standard area,Percent,16.79
2020,E09000028,Southwark,Woodland area as percentage of standard area,Percent,5.97
2020,E09000029,Sutton,Woodland area as percentage of standard area,Percent,3.39
2020,E09000030,Tower Hamlets,Woodland area as percentage of standard area,Percent,4.04
2020,E09000031,Waltham Forest,Woodland area as percentage of standard area,Percent,10.27
2020,E09000032,Wandsworth,Woodland area as percentage of standard area,Percent,8.22
2020,E09000033,Westminster,Woodland area as percentage of standard area,Percent,11.97
2020,N09000001,Antrim and Newtownabbey,Woodland area as percentage of standard area,Percent,4.25
2020,N09000002,"Armagh City, Banbridge and Craigavon",Woodland area as percentage of standard area,Percent,3.85
2020,N09000003,Belfast,Woodland area as percentage of standard area,Percent,5.66
2020,N09000004,Causeway Coast and Glens,Woodland area as percentage of standard area,Percent,12.07
2020,N09000005,Derry City and Strabane,Woodland area as percentage of standard area,Percent,9.61
2020,N09000006,Fermanagh and Omagh,Woodland area as percentage of standard area,Percent,13.3
2020,N09000007,Lisburn and Castlereagh,Woodland area as percentage of standard area,Percent,3.56
2020,N09000008,Mid and East Antrim,Woodland area as percentage of standard area,Percent,6.11
2020,N09000009,Mid Ulster,Woodland area as percentage of standard area,Percent,6.68
2020,N09000010,"Newry, Mourne and Down",Woodland area as percentage of standard area,Percent,6.75
2020,N09000011,Ards and North Down,Woodland area as percentage of standard area,Percent,4.5
2020,S12000005,Clackmannanshire,Woodland area as percentage of standard area,Percent,14.81
2020,S12000006,Dumfries and Galloway,Woodland area as percentage of standard area,Percent,28.46
2020,S12000008,East Ayrshire,Woodland area as percentage of standard area,Percent,21.79
2020,S12000010,East Lothian,Woodland area as percentage of standard area,Percent,9.87
2020,S12000011,East Renfrewshire,Woodland area as percentage of standard area,Percent,13.62
2020,S12000013,Na h-Eileanan Siar,Woodland area as percentage of standard area,Percent,1.11
2020,S12000014,Falkirk,Woodland area as percentage of standard area,Percent,15.22
2020,S12000017,Highland,Woodland area as percentage of standard area,Percent,16.55
2020,S12000018,Inverclyde,Woodland area as percentage of standard area,Percent,13.28
2020,S12000019,Midlothian,Woodland area as percentage of standard area,Percent,13.35
2020,S12000020,Moray,Woodland area as percentage of standard area,Percent,30.26
2020,S12000021,North Ayrshire,Woodland area as percentage of standard area,Percent,17.23
2020,S12000023,Orkney Islands,Woodland area as percentage of standard area,Percent,0.22
2020,S12000026,Scottish Borders,Woodland area as percentage of standard area,Percent,21.18
2020,S12000027,Shetland Islands,Woodland area as percentage of standard area,Percent,0.04
2020,S12000028,South Ayrshire,Woodland area as percentage of standard area,Percent,29.95
2020,S12000029,South Lanarkshire,Woodland area as percentage of standard area,Percent,18.36
2020,S12000030,Stirling,Woodland area as percentage of standard area,Percent,26.28
2020,S12000033,Aberdeen City,Woodland area as percentage of standard area,Percent,12.59
2020,S12000034,Aberdeenshire,Woodland area as percentage of standard area,Percent,17.84
2020,S12000035,Argyll and Bute,Woodland area as percentage of standard area,Percent,30.26
2020,S12000036,City of Edinburgh,Woodland area as percentage of standard area,Percent,10.63
2020,S12000038,Renfrewshire,Woodland area as percentage of standard area,Percent,12.95
2020,S12000039,West Dunbartonshire,Woodland area as percentage of standard area,Percent,23.71
2020,S12000040,West Lothian,Woodland area as percentage of standard area,Percent,20.16
2020,S12000041,Angus,Woodland area as percentage of standard area,Percent,10.5
2020,S12000042,Dundee City,Woodland area as percentage of standard area,Percent,6.71
2020,S12000045,East Dunbartonshire,Woodland area as percentage of standard area,Percent,17.0
2020,S12000047,Fife,Woodland area as percentage of standard area,Percent,13.45
2020,S12000048,Perth and Kinross,Woodland area as percentage of standard area,Percent,18.7
2020,S12000049,Glasgow City,Woodland area as percentage of standard area,Percent,9.21
2020,S12000050,North Lanarkshire,Woodland area as percentage of standard area,Percent,21.7
2020,W06000001,Isle of Anglesey,Woodland area as percentage of standard area,Percent,4.78
2020,W06000002,Gwynedd,Woodland area as percentage of standard area,Percent,15.53
2020,W06000003,Conwy,Woodland area as percentage of standard area,Percent,13.33
2020,W06000004,Denbighshire,Woodland area as percentage of standard area,Percent,15.71
2020,W06000005,Flintshire,Woodland area as percentage of standard area,Percent,9.86
2020,W06000006,Wrexham,Woodland area as percentage of standard area,Percent,9.56
2020,W06000008,Ceredigion,Woodland area as percentage of standard area,Percent,15.4
2020,W06000009,Pembrokeshire,Woodland area as percentage of standard area,Percent,9.59
2020,W06000010,Carmarthenshire,Woodland area as percentage of standard area,Percent,16.68
2020,W06000011,Swansea,Woodland area as percentage of standard area,Percent,11.59
2020,W06000012,Neath Port Talbot,Woodland area as percentage of standard area,Percent,39.3
2020,W06000013,Bridgend,Woodland area as percentage of standard area,Percent,16.53
2020,W06000014,Vale of Glamorgan,Woodland area as percentage of standard area,Percent,8.43
2020,W06000015,Cardiff,Woodland area as percentage of standard area,Percent,11.23
2020,W06000016,Rhondda Cynon Taf,Woodland area as percentage of standard area,Percent,27.36
2020,W06000018,Caerphilly,Woodland area as percentage of standard area,Percent,20.42
2020,W06000019,Blaenau Gwent,Woodland area as percentage of standard area,Percent,15.04
2020,W06000020,Torfaen,Woodland area as percentage of standard area,Percent,16.09
2020,W06000021,Monmouthshire,Woodland area as percentage of standard area,Percent,16.41
2020,W06000022,Newport,Woodland area as percentage of standard area,Percent,10.78
2020,W06000023,Powys,Woodland area as percentage of standard area,Percent,15.1
2020,W06000024,Merthyr Tydfil,Woodland area as percentage of standard area,Percent,16.92
